,Keyword,Frequency
0,und,14
1,sie,8
2,zu,8
3,die,5
4,auf,5
5,youtube,4
6,cookies,4
7,dienste,4
8,oder,4
9,inhalte,4
10,bei,4
11,sich,4
12,google,3
13,um,3
14,wie,3
15,werbung,3
16,abh,3
17,werbeanzeigen,3
18,verwendet,2
19,daten,2
20,folgendes,2
21,auch,2
22,anzeigen,2
23,ngig,2
24,von,2
25,ihren,2
26,ansehen,2
27,nnen,2
28,geh,2
29,ren,2
30,united,2
31,ol,2
32,ais,2
33,bevor,1
34,weitergehenanmelden,1
35,ein,1
36,unternehmenbevor,1
37,weitergehengoogle,1
38,anbieten,1
39,betreiben,1
40,st,1
41,rungen,1
42,pr,1
43,fen,1
44,undnahmen,1
45,gegen,1
46,spam,1
47,betrug,1
48,missbrauch,1
49,ergreifendaten,1
50,zielgruppeninteraktionen,1
51,websitestatistiken,1
52,erheben,1
53,verstehen,1
54,unsere,1
55,werdenwenn,1
56,zustimmen,1
57,verwenden,1
58,wir,1
59,qualitunserer,1
60,verbessern,1
61,neue,1
62,entwickelnwerbung,1
63,ausliefern,1
64,effektivitvon,1
65,messenpersonalisierte,1
66,einstellungenpersonalisierte,1
67,allgemeine,1
68,im,1
69,web,1
70,einstellungendie,1
71,auswahl,1
72,nicht,1
73,personalisierter,1
74,kann,1
75,davon,1
76,ngen,1
77,welche,1
78,gerade,1
79,wo,1
80,befinden,1
81,anzeigenbereitstellung,1
82,basiert,1
83,dem,1
84,allgemeinen,1
85,standort,1
86,personalisierte,1
87,ebenfalls,1
88,darauf,1
89,basieren,1
90,dar,1
91,ber,1
92,hinaus,1
93,aber,1
94,aktivit,1
95,ten,1
96,suchanfragen,1
97,videos,1
98,personalisierten,1
99,inhalten,1
