Keyword,Importance
zu youtube,0.252
sie zu youtube,0.252
sie zu,0.252
youtube,0.207
sie,0.171
zu,0.162
und,0.141
zu youtube weitergehengoogle,0.126
zu youtube weitergehenanmelden,0.126
youtube weitergehengoogle verwendet,0.126
youtube weitergehengoogle,0.126
youtube weitergehenanmelden ein,0.126
youtube weitergehenanmelden,0.126
weitergehengoogle verwendet cookies,0.126
weitergehengoogle verwendet,0.126
weitergehengoogle,0.126
weitergehenanmelden ein google,0.126
weitergehenanmelden ein,0.126
weitergehenanmelden,0.126
verwendet cookies und,0.126
verwendet cookies,0.126
unternehmenbevor sie zu,0.126
unternehmenbevor sie,0.126
unternehmenbevor,0.126
und daten folgendes,0.126
